{"cameraMode":{"drawMode":0,"name":"Shaded","section":"Shading Mode"},"sceneLighting":false,"audioPlay":false,"sceneViewState":{"m_AlwaysRefresh":false,"showFog":true,"showSkybox":false,"showFlares":true,"showImageEffects":true,"showParticleSystems":true,"showVisualEffectGraphs":true,"m_FxEnabled":true},"in2DMode":false,"pivot":{"x":-1.409133791923523,"y":2.4386119842529299,"z":-1.2051327228546143},"rotation":{"x":-0.006223421078175306,"y":-0.6934249997138977,"z":-0.00608046492561698,"w":0.7205677628517151},"size":1.5456849336624146,"orthographic":false}